musicId,trackName,artists
7342660098194148138,My10,Cobra93
7325658348771085062,FE!N (feat. Playboi Carti),Travis Scott
7352907151054031658,My12,Cobra93
7202284315567229738,Fairy,9lives
7340149884072577794,POKÉDANCE,Nanahira & Yuki Honda
7090314630605589290,My7,Cobra93
7218652419135179526,Hold My Hand,Jess Glynne
7359022910894623534,Under The Influence,Chris Brown
7316997965082741547,How To Press a Pill,Punchmade Dev
7264106069041957637,If Only,darvius
7267271103374002178,RAHHHH (sped up),Alt!
7306623023414495234,Princess Diana,Ice Spice & Nicki Minaj
7340407727505722158,We Could Be Together,overrated
7359545665809713926,San Sanana,"Anu Malik, Alka Yagnik & Hema Sardesai"
7086441016861035310,Nice & Slow (feat. Lil Dred),Ball Greezy
7345199955360942891,Nintendo DS Soul Injection,bye2
7349039536389195778,Jump,"Tyla, Gunna & Skillibeng"
7090314630605589290,My7,Cobra93
7240867535283915563,Nowhere To Go (feat. SDOT GO),2Bandemic
7230176299346840366,See You Again (feat. Kali Uchis),"Tyler, The Creator"
7354461110726462250,Kobe Year (feat. RBG Harden),JosiahDaTruth
7365651066245499690,Kamen Rider,Gaby Osiris
7267271103374002178,RAHHHH (sped up),Alt!
7340828822017100586,Life Is Difficult (Turkish),Malik Tayyab Official
7354971299153808171,Inflation,Rvln
7359022910894623534,Under The Influence,Chris Brown
7218652419135179526,Hold My Hand,Jess Glynne
7340049080632920065,"Money! (Money Money, Green Green)",Kaytoven
7345275272201046830,A Bird's Last Look (slowed),skywave
7316997965082741547,How To Press a Pill,Punchmade Dev
7202284315567229738,Fairy,9lives
7290201488888957728,Missy Elliott Wtf,ItsRahTheProducer
7136926389952940806,"I Will Survive (Phil Kelsey Classic 12"" Mix)",Gloria Gaynor
7345199955360942891,Nintendo DS Soul Injection,bye2
7306623023414495234,Princess Diana,Ice Spice & Nicki Minaj
7352907151054031658,My12,Cobra93
7340695361385810731,Mr Take That Risk,D. William XM
7271683616785091374,Make Up!,ANRI Beats
7352978565412997930,POKÉDANCE,Nanahira & Yuki Honda
7312144517049027360,MALA (feat. Anuel AA),6ix9ine
7264106069041957637,If Only,darvius
7348173962037906218,WET DREAMS (feat. Odetari) [Slowed & Reverbed],ODECORE & Nimstarr
6817665487665629186,Nocturne,Feinberg
7352628335488289578,If We Being Rëal,Yeat
7339286916040362783,BOOGIEMAN CULT (Slowed),CURTES
7336304251523959594,Face Value,Home Front
7267271103374002178,RAHHHH (sped up),Alt!
7200580400048032554,Shhh (Pew Pew) [Slowed + Reverb],Young Fanatic
7349379112115915566,Type Shit,"Future, Metro Boomin, Travis Scott & Playboi Carti"
7325967885459933186,Tell Ur Girlfriend (Slowed),Lay Bankz
7338840834697169710,CPU Love,SmokeManChino
7350454988004395819,My12,Cobra93
7325658348771085062,FE!N (feat. Playboi Carti),Travis Scott
7333582478693403393,CARNIVAL (feat. Playboi Carti),"¥$, Kanye West, Ty Dolla $ign & Rich The Kid"
7357455282735909675,MILLION DOLLAR BABY,Tommy Richman
7235001325178735386,Moon River,Frank Ocean
7344417173085178657,Without Me,Eminem
6827296743470746370,Dưới Quê Vui Hơn,Lương Khánh Vy
7293182558165436418,Someday I'll Get It,Alek Olsen
7206478648658938667,Good Googly Moogly,Project Pat
7055593201247193090,Nintendo Wii (mii Channel) Song,julie on the internet
7169501219366160385,Tujhe Dekha Toh,JUL MARUF
7000801422019987457,Grow a Pear,Kesha
7351432745414085419,The Lamp Is Low,Laurindo Almeida
7357094227999722282,Wanna Be (Sped Up),GloRilla & Megan Thee Stallion
7283686272948783873,Tumblr Girls (feat. Christoph Andersson),G-Eazy
7340026155246816033,Yes Sir,Chief Keef
7320988347406158598,Obsessed,Mariah Carey
7361271962703891242,LET ME SEE YA MOVE! (Sped Up),Lumi Athena & cade clair
7342660098194148138,My10,Cobra93
7344884726236269354,Faster n Harder,6arelyhuman
7208644227084126209,Snow Bunny Heaven,yungcameltoe
7302500653593561898,End of Beginning,Djo
7230045883852360449,20 Min,Lil Uzi Vert
7335330023249529642,Tell Ur Girlfriend (Slowed),Lay Bankz
7349379112115915566,Type Shit,"Future, Metro Boomin, Travis Scott & Playboi Carti"
7360085440273156907,Don’t Take Step,Jere Clarks
7179580346966182661,Save Your Tears,The Weeknd
6842895783717505025,Requiem,Nox Arcana
7343771055998421806,Mundian To Bach Ke,Panjabi MC
7344592107310058283,Shots (feat. Lil Jon),LMFAO
7332495305533868033,Soaked,Shy Smith
7362248283663747882,"Praise (feat. Brandon Lake, Chris Brown & Chandler Moore)",Elevation Worship
7306948811430398753,What Are You Doing Man,Omar Mosseri
7342660098194148138,My10,Cobra93
7240867535283915563,Nowhere To Go (feat. SDOT GO),2Bandemic
7321069947785890603,"New Year, Same Tron",BabyTronFromSB
7306623023414495234,Princess Diana,Ice Spice & Nicki Minaj
7347251625276279598,Wait Me,Tea Drinkers
7198275616985107206,So Anxious,Ginuwine
7346579030335884075,Mi Casa Su Casa,Omar Rudberg
7359022910894623534,Under The Influence,Chris Brown
6767347650606925826,Psycho,Jack Kittel
7218652419135179526,Hold My Hand,Jess Glynne
7351949093340777259,They Shut Down,Drosi mikanam
7166249978888456965,Horse Panic,Exhozzy
7340407727505722158,We Could Be Together,overrated
7200580400048032554,Shhh (Pew Pew) [Slowed + Reverb],Young Fanatic
7354971299153808171,Inflation,Rvln
7267271103374002178,RAHHHH (sped up),Alt!
7316997965082741547,How To Press a Pill,Punchmade Dev
7240867535283915563,Nowhere To Go (feat. SDOT GO),2Bandemic
7271683616785091374,Make Up!,ANRI Beats
7340828822017100586,Life Is Difficult (Turkish),Malik Tayyab Official
7306623023414495234,Princess Diana,Ice Spice & Nicki Minaj
7350454988004395819,My12,Cobra93
7271683616785091374,Make Up!,ANRI Beats
7113301022029777710,One Call,BNK JA & JpBeatz
7218652419135179526,Hold My Hand,Jess Glynne
7340407727505722158,We Could Be Together,overrated
7352907151054031658,My12,Cobra93
7352628335488289578,If We Being Rëal,Yeat
7325658348771085062,FE!N (feat. Playboi Carti),Travis Scott
7342611623892929322,"Concerto in D Major, RV 93: I. Allegro giusto","John Williams, János Rolla & Franz Liszt Chamber Orchestra"
7351949093340777259,They Shut Down,Drosi mikanam
7267271103374002178,RAHHHH (sped up),Alt!
7200580400048032554,Shhh (Pew Pew) [Slowed + Reverb],Young Fanatic
7333582478693403393,CARNIVAL (feat. Playboi Carti),"¥$, Kanye West, Ty Dolla $ign & Rich The Kid"
7224232536614898474,Yummy,Ayesha Erotica
7130851233094568731,Gwiyomi Song,Hari
7320661242543508267,34+35 (Speed),Ren
7198275616985107206,So Anxious,Ginuwine
7347251625276279598,Wait Me,Tea Drinkers
7279145369882807046,No Reason,joseybeats archive
7202284315567229738,Fairy,9lives
7345275272201046830,A Bird's Last Look (slowed),skywave
7346506255760164865,Get It Sexyy,Sexyy Red
7000801422019987457,Grow a Pear,Kesha
7351432745414085419,The Lamp Is Low,Laurindo Almeida
7354971299153808171,Inflation,Rvln
7207861818476481285,Crazy Girls,TOOPOOR
7086441016861035310,Nice & Slow (feat. Lil Dred),Ball Greezy
7191472678388206379,Whitley,Nova
6732584673572030466,Love Letter,Cavendish Music
7206478648658938667,Good Googly Moogly,Project Pat
7267271103374002178,RAHHHH (sped up),Alt!
7321069947785890603,"New Year, Same Tron",BabyTronFromSB
7316997965082741547,How To Press a Pill,Punchmade Dev
6781572601882970886,bussin' (Brock's Method) [Stick Em 2k20 Remix],"Destin Laurel, Brock & RoddOnnaBeat"
7330651305180089134,Airplane Mode (Rochester Club),Darillis & ProdByAbnormal
7347169893869095726,Lip Gloss,Lil Mama
7199804999365413674,Yeah !,fromthewebforyou
7199086664629848878,Pursuit Of Happiness (Nightmare) [feat. MGMT & Ratatat],Kid Cudi
7342230691440659242,RAHHHH,Alt!
7320285047189162784,Dudvet (Radio Edit),Fot Me
7351077426023877406,"Wipe Me Down (feat. Webbie, FOXX & Boosie Badazz) [Remix]",Trill Family
7332495305533868033,Soaked,Shy Smith
7327639929062755104,Goodnight Sweet Possums,John Powell
6714159100260813573,Juega,Omar Santana
7358091563601431342,The Lamp Is Low,Laurindo Almeida
7349039536389195778,Jump,"Tyla, Gunna & Skillibeng"
7230176299346840366,See You Again (feat. Kali Uchis),"Tyler, The Creator"
7130851233094568731,Gwiyomi Song,Hari
7350454988004395819,My12,Cobra93
7320661242543508267,34+35 (Speed),Ren
7113301022029777710,One Call,BNK JA & JpBeatz
7132228979829770241,Teenage Dirtbag (Sped Up),Wheatus & Slater
7340828822017100586,Life Is Difficult (Turkish),Malik Tayyab Official
7325658348771085062,FE!N (feat. Playboi Carti),Travis Scott
7279145369882807046,No Reason,joseybeats archive
7365651066245499690,Kamen Rider,Gaby Osiris
7295565323187637035,Watch Out,B Caps
7333401722817465131,Tell Ur Girlfriend (Slowed),Lay Bankz
7198275616985107206,So Anxious,Ginuwine
7000801422019987457,Grow a Pear,Kesha
6866900546402487046,Creepn Round,SupahBadd
7345275272201046830,A Bird's Last Look (slowed),skywave
7200580400048032554,Shhh (Pew Pew) [Slowed + Reverb],Young Fanatic
7342611623892929322,"Concerto in D Major, RV 93: I. Allegro giusto","John Williams, János Rolla & Franz Liszt Chamber Orchestra"
7330651305180089134,Airplane Mode (Rochester Club),Darillis & ProdByAbnormal
7228910107302677294,Like That!,Laila!
7352907151054031658,My12,Cobra93
7240867535283915563,Nowhere To Go (feat. SDOT GO),2Bandemic
7306623023414495234,Princess Diana,Ice Spice & Nicki Minaj
7321069947785890603,"New Year, Same Tron",BabyTronFromSB
7200161322737076226,I Hate the New Kanye,Zofia Aiporlani
7085389411633892101,Los santos vibe,Jetboi
7348532180769655598,Married Life,Michael Giacchino
7271683616785091374,Make Up!,ANRI Beats
7235001325178735386,Moon River,Frank Ocean
7344936741768006443,Did Your Hair,Mark Rossi XI
7267271103374002178,RAHHHH (sped up),Alt!
7354971299153808171,Inflation,Rvln
7316997965082741547,How To Press a Pill,Punchmade Dev
7290201488888957728,Missy Elliott Wtf,ItsRahTheProducer
7202284315567229738,Fairy,9lives
7228910107302677294,Like That!,Laila!
7271683616785091374,Make Up!,ANRI Beats
7321069947785890603,"New Year, Same Tron",BabyTronFromSB
7200580400048032554,Shhh (Pew Pew) [Slowed + Reverb],Young Fanatic
7340828822017100586,Life Is Difficult (Turkish),Malik Tayyab Official
7198275616985107206,So Anxious,Ginuwine
7352907151054031658,My12,Cobra93
7202284315567229738,Fairy,9lives
7301514094740278059,What Are You Doing Man,SLurp & IMPERIUM
6927016038370428930,Funny,Gold-Tiger
7354971299153808171,Inflation,Rvln
7271683616785091374,Make Up!,ANRI Beats
7267271103374002178,RAHHHH (sped up),Alt!
7358260587342334763,Na Na,Trey Songz
7351949093340777259,They Shut Down,Drosi mikanam
7342957197670370090,Rice and Peas Riddim,House of Evo & C8 tha Gr8
7218652419135179526,Hold My Hand,Jess Glynne
7344207221561330475,Sus Improvisation,Mistfulplays
7228910107302677294,Like That!,Laila!
7350454988004395819,My12,Cobra93
7200580400048032554,Shhh (Pew Pew) [Slowed + Reverb],Young Fanatic
7321069947785890603,"New Year, Same Tron",BabyTronFromSB
7264106069041957637,If Only,darvius
7090314630605589290,My7,Cobra93
7318737731331509038,Funked Up (Slowed),Xxanteria & isq
7351949093340777259,They Shut Down,Drosi mikanam
7198275616985107206,So Anxious,Ginuwine
7267271103374002178,RAHHHH (sped up),Alt!
7202284315567229738,Fairy,9lives
7340828822017100586,Life Is Difficult (Turkish),Malik Tayyab Official
7362283981783452458,Jump,"Tyla, Gunna & Skillibeng"
7347251625276279598,Wait Me,Tea Drinkers
7271683616785091374,Make Up!,ANRI Beats
7345275272201046830,A Bird's Last Look (slowed),skywave
7358260587342334763,Na Na,Trey Songz
7359025654647556906,Aruarian Dance,Nujabes
7195532323377515307,Your 19,Drosi mikanam
7000801422019987457,Grow a Pear,Kesha
7339579586272955178,Window Shopping,Frank Simmerlein & Thomas Bauer
7365116138944088848,MALA (feat. Anuel AA),6ix9ine
7319920520184613637,Abre O Canal,DJ Tarico & Yuri da Cunha
266879757211041792,Bro It's Just a Corecore Video.,i died yesterday.
7363697788405992238,euphoria,Kendrick Lamar
7365252459831053099,Enough (Miami),Cardi B
7177824281173199622,Brazil,Declan McKenna
7206620366826081030,Hell N Back,Bakar
7200580400048032554,Shhh (Pew Pew) [Slowed + Reverb],Young Fanatic
7350454988004395819,My12,Cobra93
7267271103374002178,RAHHHH (sped up),Alt!
7352628335488289578,If We Being Rëal,Yeat
7166249978888456965,Horse Panic,Exhozzy
7348940534130707242,Work (feat. Drake),Rihanna
7308548149097450283,Beautiful Things,Benson Boone
7351432745414085419,The Lamp Is Low,Laurindo Almeida
7264106069041957637,If Only,darvius
7334049611042999082,Ami Tomar Sathe,Jhuma
7239422021535533870,AMERICAN HORROR SHOW,SNOW WIFE
7271683616785091374,Make Up!,ANRI Beats
7345275272201046830,A Bird's Last Look (slowed),skywave
7301175016169949953,Move Ya Body (feat. Jabba),Nina Sky
7353024154037373742,Catallena,Orange Caramel
7325658348771085062,FE!N (feat. Playboi Carti),Travis Scott
7228910107302677294,Like That!,Laila!
7090314630605589290,My7,Cobra93
7202284315567229738,Fairy,9lives
6880718556737112838,Meticulous,Cali So Cold
7130851233094568731,Gwiyomi Song,Hari
7358260587342334763,Na Na,Trey Songz
7301514094740278059,What Are You Doing Man,SLurp & IMPERIUM
7352907151054031658,My12,Cobra93
7085389411633892101,Los santos vibe,Jetboi
7354971299153808171,Inflation,Rvln
7267271103374002178,RAHHHH (sped up),Alt!
7271683616785091374,Make Up!,ANRI Beats
7348940534130707242,Work (feat. Drake),Rihanna
7228910107302677294,Like That!,Laila!
7202284315567229738,Fairy,9lives
7350454988004395819,My12,Cobra93
7358260587342334763,Na Na,Trey Songz
7340149884072577794,POKÉDANCE,Nanahira & Yuki Honda
7321069947785890603,"New Year, Same Tron",BabyTronFromSB
7301514094740278059,What Are You Doing Man,SLurp & IMPERIUM
7240867535283915563,Nowhere To Go (feat. SDOT GO),2Bandemic
7271683616785091374,Make Up!,ANRI Beats
7267271103374002178,RAHHHH (sped up),Alt!
7345275272201046830,A Bird's Last Look (slowed),skywave
7200580400048032554,Shhh (Pew Pew) [Slowed + Reverb],Young Fanatic
7345945010757520158,Drama Baby,1017Chopz DJ Posa
7348940534130707242,Work (feat. Drake),Rihanna
7295565323187637035,Watch Out,B Caps
6980568541233678338,热爱105°C的你,ASi
7354971299153808171,Inflation,Rvln
7240867535283915563,Nowhere To Go (feat. SDOT GO),2Bandemic
7351432745414085419,The Lamp Is Low,Laurindo Almeida
7321069947785890603,"New Year, Same Tron",BabyTronFromSB
7113301022029777710,One Call,BNK JA & JpBeatz
7200580400048032554,Shhh (Pew Pew) [Slowed + Reverb],Young Fanatic
7345275272201046830,A Bird's Last Look (slowed),skywave
7344936741768006443,Did Your Hair,Mark Rossi XI
7295565323187637035,Watch Out,B Caps
7316997965082741547,How To Press a Pill,Punchmade Dev
7350454988004395819,My12,Cobra93
7353698377932016426,Blind,SZA
7353473013696056106,Life in My House,Dj viti
7302912592020065056,Lamborghini,Lil PeeWhy
7342206338228865838,White Girl,Shy Glizzy
7193926274119732014,Like That!,Laila!
7244341459519457281,CLEARED - Remix,Lilithzplug
7090314630605589290,My7,Cobra93
7348532180769655598,Married Life,Michael Giacchino
6927016038370428930,Funny,Gold-Tiger
7310319007289150210,Hey Daddy (Daddy's Home) [feat. Plies],USHER
7347251625276279598,Wait Me,Tea Drinkers
7359022910894623534,Under The Influence,Chris Brown
7349379112115915566,Type Shit,"Future, Metro Boomin, Travis Scott & Playboi Carti"
7113301022029777710,One Call,BNK JA & JpBeatz
7352907151054031658,My12,Cobra93
7339626412062443521,She Know What She Wanted (Jersey Club Remix Slowed),Godard & Ziahfyah
7301514094740278059,What Are You Doing Man,SLurp & IMPERIUM
7301175016169949953,Move Ya Body (feat. Jabba),Nina Sky
7302912592020065056,Lamborghini,Lil PeeWhy
7359545665809713926,San Sanana,"Anu Malik, Alka Yagnik & Hema Sardesai"
7000801422019987457,Grow a Pear,Kesha
7271683616785091374,Make Up!,ANRI Beats
7351432745414085419,The Lamp Is Low,Laurindo Almeida
7316997965082741547,How To Press a Pill,Punchmade Dev
7335330023249529642,Tell Ur Girlfriend (Slowed),Lay Bankz
7344936741768006443,Did Your Hair,Mark Rossi XI
7349349535199595295,She Twerkin,Ca$h Out
7086441016861035310,Nice & Slow (feat. Lil Dred),Ball Greezy
7358393726512892718,If We Being Rëal,Yeat
7347169893869095726,Lip Gloss,Lil Mama
7340844443882277675,Meme It Up,Jumpoutalex
7339234132922944289,Pbj (MIXX),ProdByTTK
6716002867708168193,Tequila,The Champs
7264106069041957637,If Only,darvius
7227552945552984878,I Like It,Bombathers
7347365795934325546,My7,Cobra93
7349379112115915566,Type Shit,"Future, Metro Boomin, Travis Scott & Playboi Carti"
7351077426023877406,"Wipe Me Down (feat. Webbie, FOXX & Boosie Badazz) [Remix]",Trill Family
7244341459519457281,CLEARED - Remix,Lilithzplug
7228910107302677294,Like That!,Laila!
7240867535283915563,Nowhere To Go (feat. SDOT GO),2Bandemic
7350454988004395819,My12,Cobra93
7360467715187837738,Bodak Yellow,Cardi B
7321069947785890603,"New Year, Same Tron",BabyTronFromSB
7306948811430398753,What Are You Doing Man,Omar Mosseri
7279145369882807046,No Reason,joseybeats archive
7267271103374002178,RAHHHH (sped up),Alt!
7198275616985107206,So Anxious,Ginuwine
7345275272201046830,A Bird's Last Look (slowed),skywave
7202284315567229738,Fairy,9lives
7352628335488289578,If We Being Rëal,Yeat
7261056673568099118,Omg Shes Bald,Omar Mosseri
7330651305180089134,Airplane Mode (Rochester Club),Darillis & ProdByAbnormal
7086441016861035310,Nice & Slow (feat. Lil Dred),Ball Greezy
7351911715430894382,The Lost Soul Down,NBSPLV
7295565323187637035,Watch Out,B Caps
7310342965919090689,Finesse,Bossman Dlow
7240867535283915563,Nowhere To Go (feat. SDOT GO),2Bandemic
7228910107302677294,Like That!,Laila!
7085389411633892101,Los santos vibe,Jetboi
7350454988004395819,My12,Cobra93
7360467715187837738,Bodak Yellow,Cardi B
7202284315567229738,Fairy,9lives
7352628335488289578,If We Being Rëal,Yeat
6866900546402487046,Creepn Round,SupahBadd
7271683616785091374,Make Up!,ANRI Beats
7345275272201046830,A Bird's Last Look (slowed),skywave
7198275616985107206,So Anxious,Ginuwine
7327639929062755104,Goodnight Sweet Possums,John Powell
7207861818476481285,Crazy Girls,TOOPOOR
7351911715430894382,The Lost Soul Down,NBSPLV
7267271103374002178,RAHHHH (sped up),Alt!
7330651305180089134,Airplane Mode (Rochester Club),Darillis & ProdByAbnormal
7348940534130707242,Work (feat. Drake),Rihanna
7240867535283915563,Nowhere To Go (feat. SDOT GO),2Bandemic
7228910107302677294,Like That!,Laila!
7350454988004395819,My12,Cobra93
7198275616985107206,So Anxious,Ginuwine
7321069947785890603,"New Year, Same Tron",BabyTronFromSB
7323149912177117995,"We Don't Talk About Bruno (From ""Encanto""/Soundtrack Version)","Carolina Gaitán - La Gaita, Mauro Castillo, Adassa, Rhenzy Feliz, Diane Guerrero, Stephanie Beatriz & Encanto - Cast"
7306948811430398753,What Are You Doing Man,Omar Mosseri
7267271103374002178,RAHHHH (sped up),Alt!
7202284315567229738,Fairy,9lives
7360467715187837738,Bodak Yellow,Cardi B
7290201488888957728,Missy Elliott Wtf,ItsRahTheProducer
7330651305180089134,Airplane Mode (Rochester Club),Darillis & ProdByAbnormal
6927016038370428930,Funny,Gold-Tiger
7352628335488289578,If We Being Rëal,Yeat
7351911715430894382,The Lost Soul Down,NBSPLV
7328159027735776046,Down with the Sickness,Disturbed
7349039536389195778,Jump,"Tyla, Gunna & Skillibeng"
7207861818476481285,Crazy Girls,TOOPOOR
7085389411633892101,Los santos vibe,Jetboi
7345275272201046830,A Bird's Last Look (slowed),skywave
7271683616785091374,Make Up!,ANRI Beats
7200161322737076226,I Hate the New Kanye,Zofia Aiporlani
7348940534130707242,Work (feat. Drake),Rihanna
7327639929062755104,Goodnight Sweet Possums,John Powell
7352563767290465067,Like That!,Laila!
7351432745414085419,The Lamp Is Low,Laurindo Almeida
6866900546402487046,Creepn Round,SupahBadd
7267271103374002178,RAHHHH (sped up),Alt!
6986808702512203778,Stan (feat. Dido),Eminem
7358260587342334763,Na Na,Trey Songz
7352628335488289578,If We Being Rëal,Yeat
7228910107302677294,Like That!,Laila!
7266117671082150699,Go To Work,Chris Mula
7328159027735776046,Down with the Sickness,Disturbed
7345963689448622879,Trap Queen,Fetty Wap
7271683616785091374,Make Up!,ANRI Beats
7357094227999722282,Wanna Be (Sped Up),GloRilla & Megan Thee Stallion
7240867535283915563,Nowhere To Go (feat. SDOT GO),2Bandemic
7352628335488289578,If We Being Rëal,Yeat
7224232536614898474,Yummy,Ayesha Erotica
7320661242543508267,34+35 (Speed),Ren
7268544136268679170,Lil Boo Thang,Paul Russell
7256322867464391466,Remember You,Mars Bars
7198275616985107206,So Anxious,Ginuwine
7283686272948783873,Tumblr Girls (feat. Christoph Andersson),G-Eazy
7086441016861035310,Nice & Slow (feat. Lil Dred),Ball Greezy
7200580400048032554,Shhh (Pew Pew) [Slowed + Reverb],Young Fanatic
7354971299153808171,Inflation,Rvln
7267271103374002178,RAHHHH (sped up),Alt!
7267271103374002178,RAHHHH (sped up),Alt!
7325658348771085062,FE!N (feat. Playboi Carti),Travis Scott
7319258324465944577,Eat Her Up,414bigfrank
7350454988004395819,My12,Cobra93
7202284315567229738,Fairy,9lives
7316997965082741547,How To Press a Pill,Punchmade Dev
7359212697747049262,Aruarian Dance,Nujabes
7295565323187637035,Watch Out,B Caps
7293182558165436418,Someday I'll Get It,Alek Olsen
7320988347406158598,Obsessed,Mariah Carey
7125814006161378091,What You Know Bout Love,Unanium & Speedy Audio
7321069947785890603,"New Year, Same Tron",BabyTronFromSB
7307433105454729217,Bow Bow Bow (F My Baby Dad),Sexyy Red
7323282980226140960,EEYUH! (Irokz Remix Super Slowed),H.R. & Irokz
7292703191300590338,San Juanito Parrandero,Grupo Ju-Juy
7293182558165436418,Someday I'll Get It,Alek Olsen
7351077426023877406,"Wipe Me Down (feat. Webbie, FOXX & Boosie Badazz) [Remix]",Trill Family
7207861818476481285,Crazy Girls,TOOPOOR
7240867535283915563,Nowhere To Go (feat. SDOT GO),2Bandemic
7256322867464391466,Remember You,Mars Bars
7228910107302677294,Like That!,Laila!
7268544136268679170,Lil Boo Thang,Paul Russell
7198275616985107206,So Anxious,Ginuwine
7350454988004395819,My12,Cobra93
7352628335488289578,If We Being Rëal,Yeat
7267271103374002178,RAHHHH (sped up),Alt!
7200161322737076226,I Hate the New Kanye,Zofia Aiporlani
7206478648658938667,Good Googly Moogly,Project Pat
7130851233094568731,Gwiyomi Song,Hari
7224232536614898474,Yummy,Ayesha Erotica
7347169893869095726,Lip Gloss,Lil Mama
7359212697747049262,Aruarian Dance,Nujabes
7311263072639207426,I Was Only Temporary 2 U,my head is empty
7345101578519137070,Bando Freestyle,OTI LC
7244341459519457281,CLEARED - Remix,Lilithzplug
7200580400048032554,Shhh (Pew Pew) [Slowed + Reverb],Young Fanatic
7354971299153808171,Inflation,Rvln
7202284315567229738,Fairy,9lives
7316997965082741547,How To Press a Pill,Punchmade Dev
7267271103374002178,RAHHHH (sped up),Alt!
7124016746293414661,Honey Pack,Bfb Da Packman
7344936741768006443,Did Your Hair,Mark Rossi XI
7283797468776941569,Seppuku (feat. Baldie Balboa),Rob Apollo
7348940534130707242,Work (feat. Drake),Rihanna
7136926389952940806,"I Will Survive (Phil Kelsey Classic 12"" Mix)",Gloria Gaynor
7349379112115915566,Type Shit,"Future, Metro Boomin, Travis Scott & Playboi Carti"
7359545665809713926,San Sanana,"Anu Malik, Alka Yagnik & Hema Sardesai"
7341525149050587950,Has It Hit Yet??,J_rrYD
7295565323187637035,Watch Out,B Caps
7321069947785890603,"New Year, Same Tron",BabyTronFromSB
7327639929062755104,Goodnight Sweet Possums,John Powell
7328159027735776046,Down with the Sickness,Disturbed
7337887032309566238,"Money! (Money Money, Green Green) [Slowed Down]",Kaytoven
7166249978888456965,Horse Panic,Exhozzy
7323282980226140960,EEYUH! (Irokz Remix Super Slowed),H.R. & Irokz
7337780653611600683,She Know What She Wanted (Slowed),Verty
7339579547526236960,CARNIVAL (feat. Playboi Carti),"¥$, Kanye West, Ty Dolla $ign & Rich The Kid"
7210566578298899205,Tu Eres una Celosa Yo No Soy Celosa,Ingrid Laien & Los del fino
7355583476764019499,My6,Cobra93
7358091563601431342,The Lamp Is Low,Laurindo Almeida
7352978565412997930,POKÉDANCE,Nanahira & Yuki Honda
7357094227999722282,Wanna Be (Sped Up),GloRilla & Megan Thee Stallion
6936644952348706817,Playboy,Jx.Zero
7308860379479427845,Skyfall,Adele
7086441016861035310,Nice & Slow (feat. Lil Dred),Ball Greezy
7292703191300590338,San Juanito Parrandero,Grupo Ju-Juy
7354420391533759275,kompa pasión,фрози
7317110228129991467,Caseoh,ØM3C
6751217457349789697,Harness Your Hopes (B-side),Pavement
7347251625276279598,Wait Me,Tea Drinkers
7331460010465184555,Baddie Friend (Two Bad Bitches) [feat. House of Evo],"Kevo Jefé, Casa Di & Steve Terrell"
7200580400048032554,Shhh (Pew Pew) [Slowed + Reverb],Young Fanatic
7271683616785091374,Make Up!,ANRI Beats
7339753596852521771,Pbj (MIXX),ProdByTTK
7293182558165436418,Someday I'll Get It,Alek Olsen
7345639568924117762,#Sweetladychallenge,lewy bluestrips & Lew Mr. Blue
7299302931898304513,Happy New Year,Charlotte Fenna
7353434407434226478,Little Bit,Lykke Li
7105817928703953670,Playground Love (feat. Gordon Tracks),Air
7317332950553512734,No Extensions,Lil Dre6o & Lil RT
7116400670005872641,Epic Inspiration,Dm Production
7335881352522238752,Tokyo,Leat'eq
6965640046342867717,Running Away,"VANO 3000, BADBADNOTGOOD & Samuel T. Herring"
7351077426023877406,"Wipe Me Down (feat. Webbie, FOXX & Boosie Badazz) [Remix]",Trill Family
7351432745414085419,The Lamp Is Low,Laurindo Almeida
7088056064922389290,Sge Sa x Rtm Nia (Get in mode 2),CGM Sa
6827296743470746370,Dưới Quê Vui Hơn,Lương Khánh Vy
7302758042743966470,Run the World (Girls),Beyoncé
6925838347315546886,Gamez,Bei Maejor Feat. Keri Hilson
7283686272948783873,Tumblr Girls (feat. Christoph Andersson),G-Eazy
7325658348771085062,FE!N (feat. Playboi Carti),Travis Scott
7241276259123775490,Perfect,Ed Sheeran
7333401722817465131,Tell Ur Girlfriend (Slowed),Lay Bankz
6696503953032480769,Play That Funky Music,Wild Cherry
6967418269091269382,Thrill of It (INFECTED VERSION),FCKSURGE
7227623804904885038,Solo,Future
7360693161598946094,My Planet Needs Me,Geometric Serious
7357445756661451563,BOP (feat. GloRilla),Big Boogie & DJ Drama
7244341459519457281,CLEARED - Remix,Lilithzplug
7343034830923401218,Talk My Shit,Bossman Dlow
7268544136268679170,Lil Boo Thang,Paul Russell
7316470685620472582,Unreleased (Slowed Fixed),DJ SERIAL
7362317730454308880,MILLION DOLLAR BABY,Tommy Richman
7130851233094568731,Gwiyomi Song,Hari
7227623804904885038,Solo,Future
6967418269091269382,Thrill of It (INFECTED VERSION),FCKSURGE
7360693161598946094,My Planet Needs Me,Geometric Serious
7343034830923401218,Talk My Shit,Bossman Dlow
6873501791145691137,Inspiring Triumphant Trailer,Veaceslav Draganov
7268544136268679170,Lil Boo Thang,Paul Russell
7153053709545556778,Teen Titans Gm,GraphicMuzik
7316470685620472582,Unreleased (Slowed Fixed),DJ SERIAL
7364894202838256426,G.O.A.T,Simon Jewell
7341815919815166725,LET THE WORLD BURN (Sped Up),Chris Grey
7362317730454308880,MILLION DOLLAR BABY,Tommy Richman
6696503953032480769,Play That Funky Music,Wild Cherry
7333401722817465131,Tell Ur Girlfriend (Slowed),Lay Bankz
7357455282735909675,MILLION DOLLAR BABY,Tommy Richman
7227623804904885038,Solo,Future
7360693161598946094,My Planet Needs Me,Geometric Serious
6967418269091269382,Thrill of It (INFECTED VERSION),FCKSURGE
7252577204579879685,Too Happy,Rooler & Sickmode
7244341459519457281,CLEARED - Remix,Lilithzplug
7316470685620472582,Unreleased (Slowed Fixed),DJ SERIAL
7153053709545556778,Teen Titans Gm,GraphicMuzik
7343034830923401218,Talk My Shit,Bossman Dlow
7268544136268679170,Lil Boo Thang,Paul Russell
7345101578519137070,Bando Freestyle,OTI LC
7343034830923401218,Talk My Shit,Bossman Dlow
7301514094740278059,What Are You Doing Man,SLurp & IMPERIUM
7153053709545556778,Teen Titans Gm,GraphicMuzik
6873501791145691137,Inspiring Triumphant Trailer,Veaceslav Draganov
7321370407597705990,Rodeo (Remix),Lah Pat & Flo Milli
7325565459011504938,Who Can It Be Now?,Men At Work
7363302164980124458,Glock N My Lap Twisted N Chopped,Dj Twist Money
7307433105454729217,Bow Bow Bow (F My Baby Dad),Sexyy Red
7179580346966182661,Save Your Tears,The Weeknd
7361493536825068331,Ngeke Balunge,Mafikizolo
6769046027488987137,Feel the Groove,Trap-A-Holics
7358260587342334763,Na Na,Trey Songz
7345101578519137070,Bando Freestyle,OTI LC
7244341459519457281,CLEARED - Remix,Lilithzplug
6696503953032480769,Play That Funky Music,Wild Cherry
7301514094740278059,What Are You Doing Man,SLurp & IMPERIUM
7333401722817465131,Tell Ur Girlfriend (Slowed),Lay Bankz
7116400670005872641,Epic Inspiration,Dm Production
7364207009274546987,BOP (feat. GloRilla),Big Boogie & DJ Drama
7362317730454308880,MILLION DOLLAR BABY,Tommy Richman
7321370407597705990,Rodeo (Remix),Lah Pat & Flo Milli
7360647699118459690,Funk Estranho (SLOWED),ALXIKE
7179580346966182661,Save Your Tears,The Weeknd
7325565459011504938,Who Can It Be Now?,Men At Work
7347634135263464225,Tell Ur Girlfriend (Slowed),Lay Bankz
7227623804904885038,Solo,Future
7271683616785091374,Make Up!,ANRI Beats
7084720317163113258,Suit & Tie featuring JAY Z (Radio Edit),Justin Timberlake
7345101578519137070,Bando Freestyle,OTI LC
7351432745414085419,The Lamp Is Low,Laurindo Almeida
7364888888994777898,Pop like this Pt. 2 (Slowed),prodbycpkshawn
7223340158572169986,Scott Street,Phoebe Bridgers
7345576581543709486,What Are You Doing Man,SLurp & IMPERIUM
6696503953032480769,Play That Funky Music,Wild Cherry
7276117627603323691,GEEKALEEK (feat. Cash Kidd),OhGeesy
7352563767290465067,Like That!,Laila!
7282587380622838558,Intervallo (Version 2),Ennio Morricone
7136926389952940806,"I Will Survive (Phil Kelsey Classic 12"" Mix)",Gloria Gaynor
7355569535243208721,MAESTRO,SEVENTEEN
7227623804904885038,Solo,Future
6860651483487406854,Kitchen Sink,twenty one pilots
7351432745414085419,The Lamp Is Low,Laurindo Almeida
7363577657524505386,Bane,Destroy Lonely
7362649679605467947,Move,Mello Buckzz
7364888888994777898,Pop like this Pt. 2 (Slowed),prodbycpkshawn
7084720317163113258,Suit & Tie featuring JAY Z (Radio Edit),Justin Timberlake
7358260587342334763,Na Na,Trey Songz
7271683616785091374,Make Up!,ANRI Beats
7307923426394557217,Bow Bow Bow (F My Baby Mama),Sexyy Red & Chief Keef
7235001325178735386,Moon River,Frank Ocean
236744419926790144,D-R-U-N-K,David Allan Coe
7345576581543709486,What Are You Doing Man,SLurp & IMPERIUM
7344936741768006443,Did Your Hair,Mark Rossi XI
7227623804904885038,Solo,Future
7355569535243208721,MAESTRO,SEVENTEEN
7351432745414085419,The Lamp Is Low,Laurindo Almeida
7084720317163113258,Suit & Tie featuring JAY Z (Radio Edit),Justin Timberlake
6903248618367601413,Riot,Kalahari Keys
7346386014102932270,She Took,J.P.
7364888888994777898,Pop like this Pt. 2 (Slowed),prodbycpkshawn
7105817928703953670,Playground Love (feat. Gordon Tracks),Air
7345576581543709486,What Are You Doing Man,SLurp & IMPERIUM
7362634142120758059,Where I Was (I Was In a Good Place),Tory Eaze
6717100600091215873,Dandelions,Ruth B.
7136926389952940806,"I Will Survive (Phil Kelsey Classic 12"" Mix)",Gloria Gaynor
7073558921897577259,Tuesday (feat. Novacringe),RedTheThing
7235001325178735386,Moon River,Frank Ocean
7096642484738640683,Hi Hi,Omvan Mora
7343034830923401218,Talk My Shit,Bossman Dlow
7315111829737327403,Title Theme (The Legend Of Zelda: Ocarina Of Time Ost),Koji Kondo
7363825272539384618,JERK! (slowed),jnhygs & 9lives
6715196057652824066,The Chicken In Black,Johnny Cash
6860651483487406854,Kitchen Sink,twenty one pilots
7105817928703953670,Playground Love (feat. Gordon Tracks),Air
7352563767290465067,Like That!,Laila!
7122470324972735258,"All Type of Drugs (feat. Bloody Jay, Ola Playa & Thug)",Black Portland & DJ Tripp da HitMajor
7350059197528083246,"Pop like this, Pt. 2",prodbycpkshawn
7358260587342334763,Na Na,Trey Songz
6806065086587833093,Amafes,BoxCajet
7235001325178735386,Moon River,Frank Ocean
7345220003219753770,Yeah Glo!,GloRilla
7322353740723079170,Zapateado Antrax,los ultimos del topo chico
7346386014102932270,She Took,J.P.
7202284315567229738,Fairy,9lives
7267271103374002178,RAHHHH (sped up),Alt!
7348532180769655598,Married Life,Michael Giacchino
6983519330793163526,June,May-June
6812552731820034049,Evergreen,Richy Mitch & The Coal Miners
7354971299153808171,Inflation,Rvln
7342660098194148138,My10,Cobra93
6717100600091215873,Dandelions,Ruth B.
7340049080632920065,"Money! (Money Money, Green Green)",Kaytoven
7306623023414495234,Princess Diana,Ice Spice & Nicki Minaj
7000801422019987457,Grow a Pear,Kesha
7086956236767300353,No Role Modelz,J. Cole
7251974669404883755,KickN Shii,N!LEZ
7312971290288098094,Dreamin,Partynextdoor
7271683616785091374,Make Up!,ANRI Beats
6860651483487406854,Kitchen Sink,twenty one pilots
7361271962703891242,LET ME SEE YA MOVE! (Sped Up),Lumi Athena & cade clair
7130851233094568731,Gwiyomi Song,Hari
7309864547584968706,Closer,Nuages
7345220003219753770,Yeah Glo!,GloRilla
7244677615121303553,Scars,Novulent
7354563705688083246,No Sé Qué Pasó,La K'onga
7122470324972735258,"All Type of Drugs (feat. Bloody Jay, Ola Playa & Thug)",Black Portland & DJ Tripp da HitMajor
6696503953032480769,Play That Funky Music,Wild Cherry
7364596907534682923,The Prowler,Daniel Pemberton
7282587380622838558,Intervallo (Version 2),Ennio Morricone
7325565459011504938,Who Can It Be Now?,Men At Work
7345101578519137070,Bando Freestyle,OTI LC
7227623804904885038,Solo,Future
7301514094740278059,What Are You Doing Man,SLurp & IMPERIUM
236744419926790144,D-R-U-N-K,David Allan Coe
7362634142120758059,Where I Was (I Was In a Good Place),Tory Eaze
7351432745414085419,The Lamp Is Low,Laurindo Almeida
7333401722817465131,Tell Ur Girlfriend (Slowed),Lay Bankz
7130851233094568731,Gwiyomi Song,Hari
7309169408407799810,Slipping Through My Fingers,Declan McKenna
7351432745414085419,The Lamp Is Low,Laurindo Almeida
7345101578519137070,Bando Freestyle,OTI LC
7227623804904885038,Solo,Future
7271683616785091374,Make Up!,ANRI Beats
7118185058074397483,Show Me How,Men I Trust
7362634142120758059,Where I Was (I Was In a Good Place),Tory Eaze
7333401722817465131,Tell Ur Girlfriend (Slowed),Lay Bankz
7232113501535373367,My Bitch,Roninn
7353114498196048686,Nightcrawler (feat. Swae Lee & Chief Keef),Travis Scott
7235001325178735386,Moon River,Frank Ocean
7282587380622838558,Intervallo (Version 2),Ennio Morricone
7322353740723079170,Zapateado Antrax,los ultimos del topo chico
7276117627603323691,GEEKALEEK (feat. Cash Kidd),OhGeesy
7176459426042383150,Yamz,Masego & Devin Morrison
7321823927381821441,Opps On Deck,VonOff1700
7223340158572169986,Scott Street,Phoebe Bridgers
7179580346966182661,Save Your Tears,The Weeknd
7363201461478198049,Del Mar Hasta la Cordillera,Dispersiones Sonoras
7011558577739844358,Je Te Laisserai Des Mots,Patrick Watson
7363577657524505386,Bane,Destroy Lonely
7351432745414085419,The Lamp Is Low,Laurindo Almeida
7345101578519137070,Bando Freestyle,OTI LC
7362328848156986155,Get You Big Back,Mr. Kevin ALX
7227623804904885038,Solo,Future
7362634142120758059,Where I Was (I Was In a Good Place),Tory Eaze
7232113501535373367,My Bitch,Roninn
7333401722817465131,Tell Ur Girlfriend (Slowed),Lay Bankz
7301514094740278059,What Are You Doing Man,SLurp & IMPERIUM
7309169408407799810,Slipping Through My Fingers,Declan McKenna
7306867781989993262,Resonance,g a b s o n n & mikeeysmind
7223340158572169986,Scott Street,Phoebe Bridgers
7351432745414085419,The Lamp Is Low,Laurindo Almeida
7365208289908493099,Candy Shop (Jersey Club),TrvplawdBeats
7270618717037004802,Jacob and the Stone (from “Minari”) [Slowed],Emile Mosseri
7333401722817465131,Tell Ur Girlfriend (Slowed),Lay Bankz
7362634142120758059,Where I Was (I Was In a Good Place),Tory Eaze
7348645228263721774,Face no Book,Heembeezy
7345382337493977898,月亮之上 (Live),China Philharmonic Orchestra
7271683616785091374,Make Up!,ANRI Beats
7235001325178735386,Moon River,Frank Ocean
7237744538370197505,School Rooftop (feat. WMD) [Bird Sounds],Hisohkah
7359545665809713926,San Sanana,"Anu Malik, Alka Yagnik & Hema Sardesai"
7100319120280800006,I'm so lucky(Hardstyle)!,"Lucky Twice, Tik Tok Trends & sped up + slowed"
7331455248317778720,ONE LOVE FOR BOB,CRYPTORASTA
236744419926790144,D-R-U-N-K,David Allan Coe
7130851233094568731,Gwiyomi Song,Hari
7363577657524505386,Bane,Destroy Lonely
7223340158572169986,Scott Street,Phoebe Bridgers
7105817928703953670,Playground Love (feat. Gordon Tracks),Air
7309864547584968706,Closer,Nuages
7276117627603323691,GEEKALEEK (feat. Cash Kidd),OhGeesy
6904114939430963202,Georgia On My Mind,Ray Charles
7364888888994777898,Pop like this Pt. 2 (Slowed),prodbycpkshawn
7362754599524715294,Wild Thoughts (feat. Rihanna & Bryson Tiller),DJ Khaled
7271683616785091374,Make Up!,ANRI Beats
7351432745414085419,The Lamp Is Low,Laurindo Almeida
7362634142120758059,Where I Was (I Was In a Good Place),Tory Eaze
7333401722817465131,Tell Ur Girlfriend (Slowed),Lay Bankz
7235001325178735386,Moon River,Frank Ocean
7345382337493977898,月亮之上 (Live),China Philharmonic Orchestra
7345576581543709486,What Are You Doing Man,SLurp & IMPERIUM
7364894202838256426,G.O.A.T,Simon Jewell
7010583607429302274,If I Would Have Known,Kyle Hume
7271683616785091374,Make Up!,ANRI Beats
7136926389952940806,"I Will Survive (Phil Kelsey Classic 12"" Mix)",Gloria Gaynor
7138700430573307906,Hoist the Colours,"The Wellermen, Ebucs, Eric Hollaway & Daniel Brevik"
7361829412825877291,Scott Street,Phoebe Bridgers
6998997669163042818,Yacht Club,MusicBox
7361493536825068331,Ngeke Balunge,Mafikizolo
7362317730454308880,MILLION DOLLAR BABY,Tommy Richman
7362675071540120363,Venezia (Instrumental Club Mix),Venice
6753193709090637825,Tornado Siren Sound Effect,Royalty Free Music & Sound Effect Factory
6967418269091269382,Thrill of It (INFECTED VERSION),FCKSURGE
7100319120280800006,I'm so lucky(Hardstyle)!,"Lucky Twice, Tik Tok Trends & sped up + slowed"
7341771122863754030,Mami que chapon,dj cucaracha
7344456178174298923,FE!N (feat. Playboi Carti),Travis Scott
7361540180681018143,Moonlight on the River,Mac DeMarco
7105817928703953670,Playground Love (feat. Gordon Tracks),Air
7153223318412200709,Love Is Hurt,Ememes
7364888888994777898,Pop like this Pt. 2 (Slowed),prodbycpkshawn
7271683616785091374,Make Up!,ANRI Beats
7359022910894623534,Under The Influence,Chris Brown
7179580346966182661,Save Your Tears,The Weeknd
7331455248317778720,ONE LOVE FOR BOB,CRYPTORASTA
7352549625636653857,Gulu Gulu Rap Song (Rap Song),ZB
7364894202838256426,G.O.A.T,Simon Jewell
7365252459831053099,Enough (Miami),Cardi B
7333401722817465131,Tell Ur Girlfriend (Slowed),Lay Bankz
7232113501535373367,My Bitch,Roninn
7309864547584968706,Closer,Nuages
7362634142120758059,Where I Was (I Was In a Good Place),Tory Eaze
7227623804904885038,Solo,Future
7345382337493977898,月亮之上 (Live),China Philharmonic Orchestra
7352897233328540458,The Lamp Is Low,Laurindo Almeida
7345869634312325934,Help Me,Michael Katana
7263298233957354270,Art Deco,Lana Del Rey
6997838557607888898,Lockdown (2020 Song),TracK V
7100319120280800006,I'm so lucky(Hardstyle)!,"Lucky Twice, Tik Tok Trends & sped up + slowed"
7286961923244820481,Dropped Out,Weebeez
7276117627603323691,GEEKALEEK (feat. Cash Kidd),OhGeesy
7351703350099905323,i like the way you kiss me,Artemas
7271683616785091374,Make Up!,ANRI Beats
7341556196106701611,Neon Guts (feat. Pharrell Williams),Lil Uzi Vert
7344456178174298923,FE!N (feat. Playboi Carti),Travis Scott
7336027076348365574,SC-9,Yahir Saldivar
7345576581543709486,What Are You Doing Man,SLurp & IMPERIUM
7105817928703953670,Playground Love (feat. Gordon Tracks),Air
7351703350099905323,i like the way you kiss me,Artemas
7237744538370197505,School Rooftop (feat. WMD) [Bird Sounds],Hisohkah
7337301579957111598,Humiliated!,ANRI Beats
6746993352891189249,Monkeys Spinning Monkeys,Kevin MacLeod & Kevin
7136926389952940806,"I Will Survive (Phil Kelsey Classic 12"" Mix)",Gloria Gaynor
7350051749036215082,Reckless Sad,Benjamin Marfil
7364832696742267678,Belts,Kingof420active
7362947280736897835,Lamda vs. T-Jey RR (feat. Shliiwa & Konni Konsn),Lamda
7307923426394557217,Bow Bow Bow (F My Baby Mama),Sexyy Red & Chief Keef
7221302258275830533,Trash Magic (Miss America),Lana Del Rey
7313963108042000385,Fresas Con Crema,Luis R Conriquez & Fuerza Regida
7356407836919876394,My Bazzu,ElisTune
7334134121449376554,Made for Me (Jersey Club Song),TrvplawdBeats
7346506255760164865,Get It Sexyy,Sexyy Red
7351518815046600705,These Words,Badger & Natasha Bedingfield
7359722853656169248,Soy la Más Mala de España,Bb trickz & Bryant LR
7270499359517657857,Where You Are,"Christopher Jackson, Rachel House, Nicole Scherzinger, Auli'i Cravalho & Louise Bush"
7345850437439982378,Drama Baby / Malibu,Babyxsosa
6903248618367601413,Riot,Kalahari Keys
6891353420192647941,Nameless,Blangis
7362589000017660715,Pop like this Pt. 2 (Slowed),prodbycpkshawn
7333401722817465131,Tell Ur Girlfriend (Slowed),Lay Bankz
7361829412825877291,Scott Street,Phoebe Bridgers
7227623804904885038,Solo,Future
7271683616785091374,Make Up!,ANRI Beats
7352897233328540458,The Lamp Is Low,Laurindo Almeida
7358260587342334763,Na Na,Trey Songz
7364894202838256426,G.O.A.T,Simon Jewell
6860651483487406854,Kitchen Sink,twenty one pilots
7276117627603323691,GEEKALEEK (feat. Cash Kidd),OhGeesy
7359545665809713926,San Sanana,"Anu Malik, Alka Yagnik & Hema Sardesai"
7325565459011504938,Who Can It Be Now?,Men At Work
7136926389952940806,"I Will Survive (Phil Kelsey Classic 12"" Mix)",Gloria Gaynor
7344456178174298923,FE!N (feat. Playboi Carti),Travis Scott
7364393273852529441,WWE: The Time Is Now (John Cena),John Cena & Tha Trademarc
7333401722817465131,Tell Ur Girlfriend (Slowed),Lay Bankz
7351432745414085419,The Lamp Is Low,Laurindo Almeida
7136600477839395589,Hope,XXXTENTACION
7311825998060243717,Tadow,Masego & FKJ
7362634142120758059,Where I Was (I Was In a Good Place),Tory Eaze
7365644747731503915,Back It Up,YOUNG KAO$
7364888888994777898,Pop like this Pt. 2 (Slowed),prodbycpkshawn
7202895063630236422,Suicidal,YNW Melly
7357058078590241569,Bring Me to Life,Evanescence
7345576581543709486,What Are You Doing Man,SLurp & IMPERIUM
7345159636240648965,Cheri Cheri Lady,Modern Talking
7327027562369108767,Sh!tty Pack (feat. Bfb Da Packman),ShittyBoyz
7292236448069372677,Party Girl,StaySolidRocky
6998997669163042818,Yacht Club,MusicBox
7363825272539384618,JERK! (slowed),jnhygs & 9lives
6839360844782913537,Only Time,Enya
7263298233957354270,Art Deco,Lana Del Rey
7136926389952940806,"I Will Survive (Phil Kelsey Classic 12"" Mix)",Gloria Gaynor
7243242487622421250,ROLE MODEL,Brent Faiyaz
7178954695652936494,How It Ends,DeVotchKa
7362604646692621098,Hide Away,Daya
7364596907534682923,The Prowler,Daniel Pemberton
7276117627603323691,GEEKALEEK (feat. Cash Kidd),OhGeesy
7365521209116740395,The Mop,Tisakorean
7268870396592540458,Sawan Ke Pahila Somariya Ge,Niraj Nirdhari
7282405347867101953,Titanium (feat. Sia),David Guetta
7357445756661451563,BOP (feat. GloRilla),Big Boogie & DJ Drama
7342977542439095071,If We Being Rëal,Yeat
7333401722817465131,Tell Ur Girlfriend (Slowed),Lay Bankz
236744419926790144,D-R-U-N-K,David Allan Coe
7351432745414085419,The Lamp Is Low,Laurindo Almeida
7311825998060243717,Tadow,Masego & FKJ
7365644747731503915,Back It Up,YOUNG KAO$
7352563767290465067,Like That!,Laila!
7362634142120758059,Where I Was (I Was In a Good Place),Tory Eaze
7345576581543709486,What Are You Doing Man,SLurp & IMPERIUM
7136926389952940806,"I Will Survive (Phil Kelsey Classic 12"" Mix)",Gloria Gaynor
7365521209116740395,The Mop,Tisakorean
7292236448069372677,Party Girl,StaySolidRocky
7345159636240648965,Cheri Cheri Lady,Modern Talking
7276117627603323691,GEEKALEEK (feat. Cash Kidd),OhGeesy
6860651483487406854,Kitchen Sink,twenty one pilots
7325565459011504938,Who Can It Be Now?,Men At Work
7363881665325763358,SMOKE IT OFF (Slowed & Reverb),Lumi Athena & jnhygs
7356921322595306273,Michelle,Sir Chloe
7350051749036215082,Reckless Sad,Benjamin Marfil
7325565459011504938,Who Can It Be Now?,Men At Work
7363717316627942187,"Theme From ""The Pink Panther""",Cincinnati Pops Orchestra & Erich Kunzel
7365349884041513771,meet the grahams,Kendrick Lamar
7345220003219753770,Yeah Glo!,GloRilla
7288365615349697281,Duvet,bôa
7364121417929001770,Indian D,LAZAR 111
7100319120280800006,I'm so lucky(Hardstyle)!,"Lucky Twice, Tik Tok Trends & sped up + slowed"
7327027562369108767,Sh!tty Pack (feat. Bfb Da Packman),ShittyBoyz
7178954695652936494,How It Ends,DeVotchKa
7364596907534682923,The Prowler,Daniel Pemberton
6998997669163042818,Yacht Club,MusicBox
7364888888994777898,Pop like this Pt. 2 (Slowed),prodbycpkshawn
7319220294567840555,1v1 (feat. Lil Yachty),Rio Da Yung Og
7362604646692621098,Hide Away,Daya
7268870396592540458,Sawan Ke Pahila Somariya Ge,Niraj Nirdhari
7282405347867101953,Titanium (feat. Sia),David Guetta
7050204225225378607,Sundress,A$AP Rocky
7342977542439095071,If We Being Rëal,Yeat
6742199989981678342,Whole Thing (feat. Freddie Gibbs),Young Chop
7364894202838256426,G.O.A.T,Simon Jewell
7363825272539384618,JERK! (slowed),jnhygs & 9lives
6839360844782913537,Only Time,Enya
7363201461478198049,Del Mar Hasta la Cordillera,Dispersiones Sonoras
7357058078590241569,Bring Me to Life,Evanescence
7363717316627942187,"Theme From ""The Pink Panther""",Cincinnati Pops Orchestra & Erich Kunzel
7356921322595306273,Michelle,Sir Chloe
7357445756661451563,BOP (feat. GloRilla),Big Boogie & DJ Drama
7288365615349697281,Duvet,bôa
6986808702512203778,Stan (feat. Dido),Eminem
7307433105454729217,Bow Bow Bow (F My Baby Dad),Sexyy Red
7100319120280800006,I'm so lucky(Hardstyle)!,"Lucky Twice, Tik Tok Trends & sped up + slowed"
7365349884041513771,meet the grahams,Kendrick Lamar
7055593201247193090,Nintendo Wii (mii Channel) Song,julie on the internet
7350051749036215082,Reckless Sad,Benjamin Marfil
7359779691424647978,Backpack Clean,414bigfrank
7271683616785091374,Make Up!,ANRI Beats
7345101578519137070,Bando Freestyle,OTI LC
7333401722817465131,Tell Ur Girlfriend (Slowed),Lay Bankz
7351432745414085419,The Lamp Is Low,Laurindo Almeida
7363462908501609259,Dark Red,Steve Lacy
7227623804904885038,Solo,Future
7352563767290465067,Like That!,Laila!
7136926389952940806,"I Will Survive (Phil Kelsey Classic 12"" Mix)",Gloria Gaynor
6998997669163042818,Yacht Club,MusicBox
7202895063630236422,Suicidal,YNW Melly
7364888888994777898,Pop like this Pt. 2 (Slowed),prodbycpkshawn
7363471206684904235,She Know What She Wanted (Slowed),Verty
7105817928703953670,Playground Love (feat. Gordon Tracks),Air
7353020414635871009,kompa pasión,фрози
7208644227084126209,Snow Bunny Heaven,yungcameltoe
7292236448069372677,Party Girl,StaySolidRocky
7271683616785091374,Make Up!,ANRI Beats
7345101578519137070,Bando Freestyle,OTI LC
7333401722817465131,Tell Ur Girlfriend (Slowed),Lay Bankz
7351432745414085419,The Lamp Is Low,Laurindo Almeida
7363462908501609259,Dark Red,Steve Lacy
7136926389952940806,"I Will Survive (Phil Kelsey Classic 12"" Mix)",Gloria Gaynor
6998997669163042818,Yacht Club,MusicBox
7275513403229243394,Too Much (Remix),Bossa
7363551608409688878,Wide Open,Mike Dibiasi
7364888888994777898,Pop like this Pt. 2 (Slowed),prodbycpkshawn
7315446252774689541,Last Friday Night (T.G.I.F.),Katy Perry
7276117627603323691,GEEKALEEK (feat. Cash Kidd),OhGeesy
7271683616785091374,Make Up!,ANRI Beats
7353771360008686382,RIIVERDANCE,Beyoncé
7276117627603323691,GEEKALEEK (feat. Cash Kidd),OhGeesy
7352563767290465067,Like That!,Laila!
7359717384359250719,Tell Ur Girlfriend (Slowed),Lay Bankz
7365227959864576811,Dj She Doesnt Mind (Remix),Dj Kurcaci
7179580346966182661,Save Your Tears,The Weeknd
7364596907534682923,The Prowler,Daniel Pemberton
7311825998060243717,Tadow,Masego & FKJ
7307433105454729217,Bow Bow Bow (F My Baby Dad),Sexyy Red
6860651483487406854,Kitchen Sink,twenty one pilots
7327027562369108767,Sh!tty Pack (feat. Bfb Da Packman),ShittyBoyz
6786704897518602242,My Kind of Woman,Mac DeMarco
236744419926790144,D-R-U-N-K,David Allan Coe
7178954695652936494,How It Ends,DeVotchKa
7325565459011504938,Who Can It Be Now?,Men At Work
7365300388252617514,EYES ON ME,asteria
7271683616785091374,Make Up!,ANRI Beats
7359779691424647978,Backpack Clean,414bigfrank
7362317730454308880,MILLION DOLLAR BABY,Tommy Richman
7362604646692621098,Hide Away,Daya
7315446252774689541,Last Friday Night (T.G.I.F.),Katy Perry
7288365615349697281,Duvet,bôa
7223340158572169986,Scott Street,Phoebe Bridgers
7363881665325763358,SMOKE IT OFF (Slowed & Reverb),Lumi Athena & jnhygs
7364424751252638494,BACK TO BACK DDosama,Shonentobii
7345101578519137070,Bando Freestyle,OTI LC
7240332608303106049,Hellcats SRTs 2,Sexyy Red & Lil Durk
7260609887124638490,paises glo,Sendero gloo
7140727532126472193,Straight a's,Connor Price
7351432745414085419,The Lamp Is Low,Laurindo Almeida
6860651483487406854,Kitchen Sink,twenty one pilots
7358534011364789035,Confidence,Ocean Alley
7353013752339712016,FUNK ESTRANHO (SUPER SLOWED),ALXIKE
6716027434308749314,Il barone rosso,Luciano Michelini
7363201461478198049,Del Mar Hasta la Cordillera,Dispersiones Sonoras
7345501746241833760,World News (feat. thels),Bay
7362317730454308880,MILLION DOLLAR BABY,Tommy Richman
6742199989981678342,Whole Thing (feat. Freddie Gibbs),Young Chop
7345101578519137070,Bando Freestyle,OTI LC
6860651483487406854,Kitchen Sink,twenty one pilots
7178954695652936494,How It Ends,DeVotchKa
7335330023249529642,Tell Ur Girlfriend (Slowed),Lay Bankz
7362317730454308880,MILLION DOLLAR BABY,Tommy Richman
7351432745414085419,The Lamp Is Low,Laurindo Almeida
7364596907534682923,The Prowler,Daniel Pemberton
7364888888994777898,Pop like this Pt. 2 (Slowed),prodbycpkshawn
7358534011364789035,Confidence,Ocean Alley
7275513403229243394,Too Much (Remix),Bossa
7363577657524505386,Bane,Destroy Lonely
7346715377457515310,7 Years (Originally Performed By Lukas Graham) [Karaoke Version],Starstruck Backing Tracks
7235001325178735386,Moon River,Frank Ocean
7346506255760164865,Get It Sexyy,Sexyy Red
7321370407597705990,Rodeo (Remix),Lah Pat & Flo Milli
7179580346966182661,Save Your Tears,The Weeknd
7362317730454308880,MILLION DOLLAR BABY,Tommy Richman
7352563767290465067,Like That!,Laila!
6998997669163042818,Yacht Club,MusicBox
7213954950500879109,Whip My Hair,WILLOW
7345501746241833760,World News (feat. thels),Bay
7024884650237561605,Chun Swae (feat. Swae Lee),Nicki Minaj
6917577139212240898,Abg,Quando Rondo
7140727532126472193,Straight a's,Connor Price
6732584673572030466,Love Letter,Cavendish Music
7227623804904885038,Solo,Future
7357455282735909675,MILLION DOLLAR BABY,Tommy Richman
7291301421327076139,Rock N Roll,Ken Carson
7365644747731503915,Back It Up,YOUNG KAO$
7202895063630236422,Suicidal,YNW Melly
7244677615121303553,Scars,Novulent
7365227959864576811,Dj She Doesnt Mind (Remix),Dj Kurcaci
7268870396592540458,Sawan Ke Pahila Somariya Ge,Niraj Nirdhari
7223340158572169986,Scott Street,Phoebe Bridgers
7354249271669344273,A Bar Song (Tipsy),Shaboozey
7342977542439095071,If We Being Rëal,Yeat
7365521209116740395,The Mop,Tisakorean
7345220003219753770,Yeah Glo!,GloRilla
7364121417929001770,Indian D,LAZAR 111
6742199989981678342,Whole Thing (feat. Freddie Gibbs),Young Chop
7351096512878840607,So Then the Boat,Mr. Martin IX
7275513403229243394,Too Much (Remix),Bossa
7202895063630236422,Suicidal,YNW Melly
7363591053963758379,Another Love,Tom Odell
7178954695652936494,How It Ends,DeVotchKa
7327027562369108767,Sh!tty Pack (feat. Bfb Da Packman),ShittyBoyz
7351432745414085419,The Lamp Is Low,Laurindo Almeida
7362634142120758059,Where I Was (I Was In a Good Place),Tory Eaze
7235001325178735386,Moon River,Frank Ocean
7012696712271694597,Thuggish Ruggish Bone,Bone Thugs-n-Harmony
7349867009770785578,Jojo Meo,Riome
7363622153524169518,ose,DJ LO
7351432745414085419,The Lamp Is Low,Laurindo Almeida
6998997669163042818,Yacht Club,MusicBox
7346506255760164865,Get It Sexyy,Sexyy Red
7362634142120758059,Where I Was (I Was In a Good Place),Tory Eaze
7345501746241833760,World News (feat. thels),Bay
6997838557607888898,Lockdown (2020 Song),TracK V
7240332608303106049,Hellcats SRTs 2,Sexyy Red & Lil Durk
7311825998060243717,Tadow,Masego & FKJ
7232113501535373367,My Bitch,Roninn
7260609887124638490,paises glo,Sendero gloo
7336027076348365574,SC-9,Yahir Saldivar
6986808702512203778,Stan (feat. Dido),Eminem
7363201461478198049,Del Mar Hasta la Cordillera,Dispersiones Sonoras
7235001325178735386,Moon River,Frank Ocean
7350051749036215082,Reckless Sad,Benjamin Marfil
7363622153524169518,ose,DJ LO
7365227959864576811,Dj She Doesnt Mind (Remix),Dj Kurcaci
7179580346966182661,Save Your Tears,The Weeknd
7348645228263721774,Face no Book,Heembeezy
7345101578519137070,Bando Freestyle,OTI LC
7105817928703953670,Playground Love (feat. Gordon Tracks),Air
7348953431987702574,NEWJEANS (Sped Up),Turtlecommercial
7363471206684904235,She Know What She Wanted (Slowed),Verty
7359545665809713926,San Sanana,"Anu Malik, Alka Yagnik & Hema Sardesai"
7311825998060243717,Tadow,Masego & FKJ
7307433105454729217,Bow Bow Bow (F My Baby Dad),Sexyy Red
7179580346966182661,Save Your Tears,The Weeknd
7346506255760164865,Get It Sexyy,Sexyy Red
7336027076348365574,SC-9,Yahir Saldivar
7365227959864576811,Dj She Doesnt Mind (Remix),Dj Kurcaci
7362317730454308880,Nothing Alike (feat. Shxdow Ace),Kai Mystic
7090339689248328454,Fade into You,Mazzy Star
7348645228263721774,Face no Book,Heembeezy
7362317730454308880,Nothing Alike (feat. Shxdow Ace),Kai Mystic
7178954695652936494,How It Ends,DeVotchKa
7363591053963758379,Another Love,Tom Odell
7202895063630236422,Suicidal,YNW Melly
7351432745414085419,The Lamp Is Low,Laurindo Almeida
6742199989981678342,Whole Thing (feat. Freddie Gibbs),Young Chop
7362634142120758059,Where I Was (I Was In a Good Place),Tory Eaze
7235001325178735386,Moon River,Frank Ocean
7359717384359250719,Tell Ur Girlfriend (Slowed),Lay Bankz
7349867009770785578,Jojo Meo,Riome
7312144517049027360,MALA (feat. Anuel AA),6ix9ine
7362317730454308880,MILLION DOLLAR BABY,Tommy Richman
7352650530776271658,The Lamp Is Low,Laurindo Almeida
7178954695652936494,How It Ends,DeVotchKa
7365651066245499690,Kamen Rider,Gaby Osiris
7227623804904885038,Solo,Future
7355569535243208721,MAESTRO,SEVENTEEN
7235001325178735386,Moon River,Frank Ocean
7352563767290465067,Like That!,Laila!
7357455282735909675,MILLION DOLLAR BABY,Tommy Richman
6742199989981678342,Whole Thing (feat. Freddie Gibbs),Young Chop
7202895063630236422,Suicidal,YNW Melly
7275513403229243394,Too Much (Remix),Bossa
7349867009770785578,Jojo Meo,Riome
7364931606768913195,LOOK DON'T TOUCH (feat. Odetari & cade clair) [Slowed & Reverbed],ODECORE
7327027562369108767,Sh!tty Pack (feat. Bfb Da Packman),ShittyBoyz
7364596907534682923,The Prowler,Daniel Pemberton
7362317730454308880,MILLION DOLLAR BABY,Tommy Richman
7352650530776271658,The Lamp Is Low,Laurindo Almeida
7178954695652936494,How It Ends,DeVotchKa
7357455282735909675,MILLION DOLLAR BABY,Tommy Richman
7351096512878840607,So Then the Boat,Mr. Martin IX
7227623804904885038,Solo,Future
7243242487622421250,ROLE MODEL,Brent Faiyaz
7327027562369108767,Sh!tty Pack (feat. Bfb Da Packman),ShittyBoyz
7355569535243208721,MAESTRO,SEVENTEEN
7275513403229243394,Too Much (Remix),Bossa
7349867009770785578,Jojo Meo,Riome
7364888888994777898,Pop like this Pt. 2 (Slowed),prodbycpkshawn
7364596907534682923,The Prowler,Daniel Pemberton
6742199989981678342,Whole Thing (feat. Freddie Gibbs),Young Chop
7140727532126472193,Straight a's,Connor Price
7235001325178735386,Moon River,Frank Ocean
7351432745414085419,The Lamp Is Low,Laurindo Almeida
7276051423883086625,Tumblr Girls (feat. Christoph Andersson),G-Eazy
7105817928703953670,Playground Love (feat. Gordon Tracks),Air
7364888888994777898,Pop like this Pt. 2 (Slowed),prodbycpkshawn
7260609887124638490,paises glo,Sendero gloo
7073590222583253806,She Will,Lil Wayne & Drake
6904114939430963202,Georgia On My Mind,Ray Charles
7344443395433827115,Tadow,Masego & FKJ
7348953431987702574,NEWJEANS (Sped Up),Turtlecommercial
7311825998060243717,Tadow,Masego & FKJ
7349215738997245953,Oh Gide Damn,k7em
7353020414635871009,kompa pasión,фрози
7363800185283021599,Else - Paris,Smaug
7178954695652936494,How It Ends,DeVotchKa
7357455282735909675,MILLION DOLLAR BABY,Tommy Richman
7260609887124638490,paises glo,Sendero gloo
7227623804904885038,Solo,Future
7352650530776271658,The Lamp Is Low,Laurindo Almeida
7362317730454308880,MILLION DOLLAR BABY,Tommy Richman
7122470324972735258,"All Type of Drugs (feat. Bloody Jay, Ola Playa & Thug)",Black Portland & DJ Tripp da HitMajor
7355569535243208721,MAESTRO,SEVENTEEN
7275513403229243394,Too Much (Remix),Bossa
7364931606768913195,LOOK DON'T TOUCH (feat. Odetari & cade clair) [Slowed & Reverbed],ODECORE
7202895063630236422,Suicidal,YNW Melly
7235001325178735386,Moon River,Frank Ocean
6742199989981678342,Whole Thing (feat. Freddie Gibbs),Young Chop
7362317730454308880,MILLION DOLLAR BABY,Tommy Richman
7364888888994777898,Pop like this Pt. 2 (Slowed),prodbycpkshawn
7364596907534682923,The Prowler,Daniel Pemberton
7276051423883086625,Tumblr Girls (feat. Christoph Andersson),G-Eazy
7105817928703953670,Playground Love (feat. Gordon Tracks),Air
7084720317163113258,Suit & Tie featuring JAY Z (Radio Edit),Justin Timberlake
7351432745414085419,The Lamp Is Low,Laurindo Almeida
6904114939430963202,Georgia On My Mind,Ray Charles
7344443395433827115,Tadow,Masego & FKJ
7348953431987702574,NEWJEANS (Sped Up),Turtlecommercial
7311825998060243717,Tadow,Masego & FKJ
7359959615448124203,Thinking About Her,Ira
7345220003219753770,Yeah Glo!,GloRilla
7212220545503333122,I Love It (feat. Charli XCX),Icona Pop
7363825272539384618,JERK! (slowed),jnhygs & 9lives
7363717316627942187,"Theme From ""The Pink Panther""",Cincinnati Pops Orchestra & Erich Kunzel
7363800185283021599,Else - Paris,Smaug
7342977542439095071,If We Being Rëal,Yeat
